sujet,date,statut
Comment les peintres almoravides stylisaient-ils les palmiers dans leurs décors architecturaux ?,2025-10-15T06:04:40.153287,succès
Les paysages des dessus de boîtes en émail représentaient-ils des villégiatures aristocratiques ?,2025-10-20T08:50:49.611565,succès
Pourquoi Pynacker intégrait-il des éléments exotiques dans ses paysages italianisants ?,2025-10-27T08:53:00.624687,succès
Comment les estampes de paysage servaient-elles de documentation pour les peintres n'ayant jamais voyagé ?,2025-11-03T09:01:16.970757,succès
Comment les marchands vénitiens du XVe siècle valorisaient-ils les paysages dans leurs inventaires ?,2025-11-10T08:54:10.538382,succès
Pourquoi les paysages hollandais du XVIIe siècle se vendaient-ils moins cher que les portraits ?,2025-11-17T08:28:48.001571,succès
Quelle est la relation entre colonialisme et représentation des paysages exotiques ?,2025-11-24T08:28:35.239575,succès
Comment les manufactures de papier peint panoramique révolutionnent-elles l'accès au paysage décoratif ?,2025-12-01T08:31:13.290102,succès
Pourquoi les collectionneurs britanniques du XVIIIe siècle privilégiaient-ils les vues italiennes ?,2025-12-08T08:31:18.004105,succès
Quelle technique de reproduction permettait de diffuser massivement les paysages romantiques ?,2025-12-15T08:32:30.024709,succès
Comment les compagnies ferroviaires américaines financent-elles les peintures de paysages de l'Ouest ?,2025-12-22T08:29:54.676236,succès
